id,MLRA_ID,MLRARSYM,LLR_ID,draw_order,tranche
2004-1-8-12-4,56,52,F,1,1
2001-3-e-1-2,56,52,F,2,1
1937-4-17-5-4,56,52,F,3,1
2000-2-11-13-3,56,52,F,4,1
1937-2-b-2-2,56,52,F,5,1
1937-1-15-13-2,56,52,F,6,1
1937-3-16-3-3,56,52,F,7,1
1935-2-14-9-3,56,52,F,8,1
2002-1-6-5-4,56,52,F,9,1
1938-4-10-b-4,56,52,F,10,1
2001-4-6-9-4,56,52,F,11,1
1935-1-c-14-1,56,52,F,12,1
2003-1-5-e-1,56,52,F,13,1
1935-3-11-f-3,56,52,F,14,1
2003-2-14-2-3,56,52,F,15,1
1935-4-b-18-2,56,52,F,16,1
1938-3-d-17-2,56,52,F,17,1
1939-1-b-11-2,56,52,F,18,1
2000-2-f-c-1,56,52,F,19,1
2002-2-e-b-2,56,52,F,20,1
2003-1-14-13-3,56,52,F,21,1
2001-1-9-1-4,56,52,F,22,1
1935-1-13-15-4,56,52,F,23,1
1936-2-a-8-3,56,52,F,24,1
2002-1-19-f-1,56,52,F,25,1
2002-2-6-3-4,56,52,F,26,1
1939-1-10-16-4,56,52,F,27,1
1936-4-19-3-3,56,52,F,28,1
2001-3-e-5-1,56,52,F,29,1
2002-3-4-12-4,56,52,F,30,1
2003-2-12-11-4,56,52,F,31,1
1935-3-d-17-1,56,52,F,32,1
2000-2-12-14-4,56,52,F,33,1
1937-4-5-a-2,56,52,F,34,1
2001-1-19-d-1,56,52,F,35,1
1934-4-d-19-2,56,52,F,36,1
2000-2-6-2-4,56,52,F,37,1
1937-4-12-f-4,56,52,F,38,1
1938-3-8-d-4,56,52,F,39,1
1935-2-2-3-1,56,52,F,40,1
1935-1-18-14-1,56,52,F,41,1
2002-1-1-c-2,56,52,F,42,1
2001-1-7-14-3,56,52,F,43,1
1938-3-2-7-1,56,52,F,44,1
1934-4-d-7-1,56,52,F,45,1
2000-2-12-2-3,56,52,F,46,1
1938-4-7-d-3,56,52,F,47,1
2004-1-13-5-3,56,52,F,48,1
2002-2-f-d-1,56,52,F,49,1
1935-3-16-19-1,56,52,F,50,1
1934-2-f-5-1,56,52,F,51,2
1935-4-b-15-2,56,52,F,52,2
1935-2-d-10-1,56,52,F,53,2
1936-4-e-15-2,56,52,F,54,2
2001-2-d-b-1,56,52,F,55,2
1935-3-c-19-1,56,52,F,56,2
1937-3-5-18-3,56,52,F,57,2
2002-1-10-2-4,56,52,F,58,2
2001-1-8-12-3,56,52,F,59,2
2002-2-7-14-3,56,52,F,60,2
1937-3-d-15-1,56,52,F,61,2
2002-3-3-14-4,56,52,F,62,2
1935-4-d-15-1,56,52,F,63,2
1934-2-18-12-2,56,52,F,64,2
1937-1-9-7-4,56,52,F,65,2
2004-1-f-d-1,56,52,F,66,2
2001-1-13-5-3,56,52,F,67,2
1935-4-5-15-3,56,52,F,68,2
1935-4-e-16-2,56,52,F,69,2
1936-1-15-11-2,56,52,F,70,2
2003-1-8-4-4,56,52,F,71,2
1934-2-b-14-2,56,52,F,72,2
2001-1-13-10-4,56,52,F,73,2
2000-4-3-5-2,56,52,F,74,2
1936-4-18-19-1,56,52,F,75,2
1935-1-e-1-2,56,52,F,76,2
2002-2-d-d-2,56,52,F,77,2
1936-4-9-f-3,56,52,F,78,2
1934-4-15-16-2,56,52,F,79,2
1938-4-16-17-1,56,52,F,80,2
2004-1-7-5-3,56,52,F,81,2
1935-1-c-10-2,56,52,F,82,2
1934-4-1-19-4,56,52,F,83,2
1935-4-1-6-2,56,52,F,84,2
1935-2-19-13-1,56,52,F,85,2
2002-2-4-f-1,56,52,F,86,2
1938-3-16-19-1,56,52,F,87,2
1937-1-3-13-2,56,52,F,88,2
1934-2-12-16-3,56,52,F,89,2
2000-3-a-6-3,56,52,F,90,2
1935-2-17-10-1,56,52,F,91,spare
1938-3-4-15-4,56,52,F,92,spare
1937-3-e-16-2,56,52,F,93,spare
2003-2-10-5-4,56,52,F,94,spare
1935-2-14-18-3,56,52,F,95,spare
2000-4-1-5-2,56,52,F,96,spare
2001-1-7-10-4,56,52,F,97,spare
2001-2-1-e-2,56,52,F,98,spare
1938-1-13-a-3,56,52,F,99,spare
2000-4-8-7-3,56,52,F,100,spare
1939-4-12-f-3,57,53A,F,1,1
2005-1-c-3-3,57,53A,F,2,1
2004-2-b-5-3,57,53A,F,3,1
1939-3-7-15-3,57,53A,F,4,1
1874-3-d-c-1,57,53A,F,5,1
1939-1-c-17-3,57,53A,F,6,1
1874-3-c-1-1,57,53A,F,7,1
1939-1-d-18-3,57,53A,F,8,1
2004-2-8-12-3,57,53A,F,9,1
2004-2-2-18-3,57,53A,F,10,1
1939-1-3-13-1,57,53A,F,11,1
1940-3-3-7-3,57,53A,F,12,1
1940-3-9-1-3,57,53A,F,13,1
1939-2-a-5-1,57,53A,F,14,1
2005-2-2-16-3,57,53A,F,15,1
1873-3-e-f-1,57,53A,F,16,1
1939-4-12-3-3,57,53A,F,17,1
2004-2-2-4-3,57,53A,F,18,1
1873-3-d-18-1,57,53A,F,19,1
1939-3-11-1-3,57,53A,F,20,1
1938-4-a-15-3,57,53A,F,21,1
1939-4-6-f-3,57,53A,F,22,1
1874-3-16-17-1,57,53A,F,23,1
1940-3-10-c-3,57,53A,F,24,1
1940-1-e-15-3,57,53A,F,25,1
2005-2-1-3-3,57,53A,F,26,1
1939-4-19-6-3,57,53A,F,27,1
1939-4-7-18-3,57,53A,F,28,1
1939-4-f-12-3,57,53A,F,29,1
1939-2-8-1-1,57,53A,F,30,1
1874-3-7-8-1,57,53A,F,31,1
1940-1-1-13-1,57,53A,F,32,1
1874-3-16-19-1,57,53A,F,33,1
1938-4-a-3-3,57,53A,F,34,1
1873-3-16-f-1,57,53A,F,35,1
1939-1-e-10-1,57,53A,F,36,1
1940-1-d-16-3,57,53A,F,37,1
2005-1-4-5-3,57,53A,F,38,1
1939-1-12-7-3,57,53A,F,39,1
1939-3-8-2-3,57,53A,F,40,1
1939-4-15-12-3,57,53A,F,41,1
1939-2-7-2-1,57,53A,F,42,1
2005-1-8-13-3,57,53A,F,43,1
1938-4-18-9-3,57,53A,F,44,1
1939-2-6-d-1,57,53A,F,45,1
1873-4-5-5-1,57,53A,F,46,1
1873-4-17-5-1,57,53A,F,47,1
1940-1-6-18-1,57,53A,F,48,1
1939-4-12-d-3,57,53A,F,49,1
1939-4-16-7-3,57,53A,F,50,1
1939-4-17-6-3,57,53A,F,51,2
1873-3-d-16-1,57,53A,F,52,2
1939-3-17-7-3,57,53A,F,53,2
1939-4-19-14-3,57,53A,F,54,2
1938-4-14-5-3,57,53A,F,55,2
2004-2-2-16-3,57,53A,F,56,2
2005-1-6-11-3,57,53A,F,57,2
1873-3-11-14-1,57,53A,F,58,2
2005-2-3-17-3,57,53A,F,59,2
1939-2-18-16-3,57,53A,F,60,2
1939-4-4-11-3,57,53A,F,61,2
1873-2-19-14-1,57,53A,F,62,2
1939-2-18-c-3,57,53A,F,63,2
1939-1-11-14-3,57,53A,F,64,2
1873-3-13-12-1,57,53A,F,65,2
2004-2-7-13-3,57,53A,F,66,2
1939-2-9-4-1,57,53A,F,67,2
1940-3-d-7-3,57,53A,F,68,2
1874-3-12-13-1,57,53A,F,69,2
1939-3-18-12-3,57,53A,F,70,2
2005-1-7-10-3,57,53A,F,71,2
1874-3-11-8-1,57,53A,F,72,2
1940-3-4-6-3,57,53A,F,73,2
2004-2-3-3-3,57,53A,F,74,2
1939-2-15-15-3,57,53A,F,75,2
2005-1-2-b-3,57,53A,F,76,2
1874-1-15-13-1,57,53A,F,77,2
1873-3-16-3-1,57,53A,F,78,2
2005-2-7-11-3,57,53A,F,79,2
1939-3-6-c-3,57,53A,F,80,2
2005-1-9-14-3,57,53A,F,81,2
1939-2-e-11-1,57,53A,F,82,2
1939-3-8-e-3,57,53A,F,83,2
1940-1-11-10-3,57,53A,F,84,2
1939-4-19-a-3,57,53A,F,85,2
1939-3-14-2-3,57,53A,F,86,2
1939-4-12-b-3,57,53A,F,87,2
1940-3-2-a-3,57,53A,F,88,2
1938-4-17-8-3,57,53A,F,89,2
1939-3-9-19-3,57,53A,F,90,2
1939-1-19-18-3,57,53A,F,91,spare
1873-3-11-12-1,57,53A,F,92,spare
1939-4-17-14-3,57,53A,F,93,spare
1940-3-4-10-3,57,53A,F,94,spare
1939-2-a-1-1,57,53A,F,95,spare
1873-4-16-16-1,57,53A,F,96,spare
2005-2-1-1-3,57,53A,F,97,spare
1939-2-17-d-3,57,53A,F,98,spare
2005-1-b-4-3,57,53A,F,99,spare
1940-1-16-15-3,57,53A,F,100,spare
1811-3-f-c-4,58,53B,F,1,1
1941-1-15-19-4,58,53B,F,2,1
1679-3-a-f-4,58,53B,F,3,1
1811-2-e-12-4,58,53B,F,4,1
2006-1-3-8-4,58,53B,F,5,1
1941-2-1-10-4,58,53B,F,6,1
1745-4-8-2-4,58,53B,F,7,1
1811-4-b-d-4,58,53B,F,8,1
1875-4-19-c-4,58,53B,F,9,1
1941-3-e-16-4,58,53B,F,10,1
1877-1-d-17-4,58,53B,F,11,1
1812-1-6-c-4,58,53B,F,12,1
1745-1-19-7-4,58,53B,F,13,1
1941-2-1-1-4,58,53B,F,14,1
1745-3-f-19-4,58,53B,F,15,1
1745-3-7-11-4,58,53B,F,16,1
2006-1-5-16-4,58,53B,F,17,1
1876-2-6-5-4,58,53B,F,18,1
1941-3-f-8-4,58,53B,F,19,1
1811-3-9-6-4,58,53B,F,20,1
1745-1-14-11-4,58,53B,F,21,1
1941-1-4-14-4,58,53B,F,22,1
1811-1-e-13-4,58,53B,F,23,1
1940-4-2-e-4,58,53B,F,24,1
1875-4-9-e-4,58,53B,F,25,1
1745-4-e-17-4,58,53B,F,26,1
1811-2-2-15-4,58,53B,F,27,1
1875-3-f-12-4,58,53B,F,28,1
1810-4-12-13-4,58,53B,F,29,1
1745-2-19-15-4,58,53B,F,30,1
1877-1-b-6-4,58,53B,F,31,1
1745-2-16-18-4,58,53B,F,32,1
1940-4-15-12-4,58,53B,F,33,1
1745-2-4-12-4,58,53B,F,34,1
1877-1-f-a-4,58,53B,F,35,1
1941-1-5-3-4,58,53B,F,36,1
1940-4-d-7-4,58,53B,F,37,1
1877-2-2-b-4,58,53B,F,38,1
1745-2-f-b-4,58,53B,F,39,1
1941-2-4-1-4,58,53B,F,40,1
1941-3-e-7-4,58,53B,F,41,1
1941-2-13-4-4,58,53B,F,42,1
1940-2-a-15-4,58,53B,F,43,1
1940-4-3-f-4,58,53B,F,44,1
1877-2-5-e-4,58,53B,F,45,1
1745-1-2-2-4,58,53B,F,46,1
1941-2-8-17-4,58,53B,F,47,1
1745-3-b-6-4,58,53B,F,48,1
1877-2-9-3-4,58,53B,F,49,1
1941-3-12-e-4,58,53B,F,50,1
1941-2-18-6-4,58,53B,F,51,2
1679-4-5-9-4,58,53B,F,52,2
1679-4-c-13-4,58,53B,F,53,2
1940-4-4-d-4,58,53B,F,54,2
2005-2-5-17-4,58,53B,F,55,2
1745-2-15-8-4,58,53B,F,56,2
1940-4-16-13-4,58,53B,F,57,2
1876-1-f-18-4,58,53B,F,58,2
1811-2-5-15-4,58,53B,F,59,2
1745-4-16-4-4,58,53B,F,60,2
1811-1-5-7-4,58,53B,F,61,2
1876-2-9-5-4,58,53B,F,62,2
1876-3-f-4-4,58,53B,F,63,2
1811-4-a-9-4,58,53B,F,64,2
1745-4-7-10-4,58,53B,F,65,2
1679-2-17-2-4,58,53B,F,66,2
1941-3-6-11-4,58,53B,F,67,2
1941-2-15-9-4,58,53B,F,68,2
1876-1-f-9-4,58,53B,F,69,2
1679-4-a-e-4,58,53B,F,70,2
1941-1-18-a-4,58,53B,F,71,2
1941-3-9-5-4,58,53B,F,72,2
1811-2-13-8-4,58,53B,F,73,2
1745-1-16-7-4,58,53B,F,74,2
1811-2-f-10-4,58,53B,F,75,2
1745-4-6-12-4,58,53B,F,76,2
1679-4-16-e-4,58,53B,F,77,2
1876-4-d-1-4,58,53B,F,78,2
1876-4-c-3-4,58,53B,F,79,2
1811-1-4-6-4,58,53B,F,80,2
1745-4-9-3-4,58,53B,F,81,2
2006-1-4-15-4,58,53B,F,82,2
1811-2-11-18-4,58,53B,F,83,2
1940-4-16-1-4,58,53B,F,84,2
1745-1-13-1-4,58,53B,F,85,2
1941-2-4-10-4,58,53B,F,86,2
1745-1-6-18-4,58,53B,F,87,2
1746-1-10-11-4,58,53B,F,88,2
1811-3-16-16-4,58,53B,F,89,2
1745-2-11-1-4,58,53B,F,90,2
1745-4-a-10-4,58,53B,F,91,spare
1875-4-4-15-4,58,53B,F,92,spare
1876-3-4-17-4,58,53B,F,93,spare
1745-1-19-16-4,58,53B,F,94,spare
1812-3-1-2-4,58,53B,F,95,spare
1745-1-9-9-4,58,53B,F,96,spare
1811-3-10-1-4,58,53B,F,97,spare
1811-4-4-3-4,58,53B,F,98,spare
1679-3-13-18-4,58,53B,F,99,spare
1941-2-e-b-4,58,53B,F,100,spare
1678-2-5-17-2,59,53C,F,1,1
1614-1-d-6-4,59,53C,F,2,1
1679-1-10-14-2,59,53C,F,3,1
1679-4-1-4-1,59,53C,F,4,1
1614-3-1-10-4,59,53C,F,5,1
1614-3-3-9-2,59,53C,F,6,1
1679-1-18-13-4,59,53C,F,7,1
1613-3-10-4-1,59,53C,F,8,1
1679-3-f-5-1,59,53C,F,9,1
1614-1-12-d-3,59,53C,F,10,1
1613-3-18-12-3,59,53C,F,11,1
1679-1-8-10-1,59,53C,F,12,1
1613-3-14-6-1,59,53C,F,13,1
1679-1-19-11-3,59,53C,F,14,1
1679-1-e-b-4,59,53C,F,15,1
1679-3-2-17-1,59,53C,F,16,1
1613-3-17-10-3,59,53C,F,17,1
1613-4-6-18-1,59,53C,F,18,1
1679-2-15-d-1,59,53C,F,19,1
1613-3-4-13-4,59,53C,F,20,1
1613-3-11-15-2,59,53C,F,21,1
1679-3-5-10-1,59,53C,F,22,1
1679-3-f-17-2,59,53C,F,23,1
1613-3-12-f-3,59,53C,F,24,1
1613-4-c-d-2,59,53C,F,25,1
1678-2-a-12-2,59,53C,F,26,1
1679-1-d-e-3,59,53C,F,27,1
1679-1-17-e-1,59,53C,F,28,1
1614-1-6-18-2,59,53C,F,29,1
1679-2-13-17-4,59,53C,F,30,1
1679-2-b-6-2,59,53C,F,31,1
1679-1-7-17-3,59,53C,F,32,1
1679-1-f-8-2,59,53C,F,33,1
1679-1-e-6-2,59,53C,F,34,1
1613-4-13-17-2,59,53C,F,35,1
1614-1-16-19-3,59,53C,F,36,1
1613-3-a-15-1,59,53C,F,37,1
1614-3-4-6-1,59,53C,F,38,1
1679-2-12-18-3,59,53C,F,39,1
1679-1-5-a-1,59,53C,F,40,1
1679-1-12-19-3,59,53C,F,41,1
1614-3-8-15-2,59,53C,F,42,1
1679-1-13-1-2,59,53C,F,43,1
1679-2-11-17-4,59,53C,F,44,1
1613-2-9-d-4,59,53C,F,45,1
1614-1-1-e-2,59,53C,F,46,1
1613-4-12-a-2,59,53C,F,47,1
1679-1-7-10-2,59,53C,F,48,1
1614-1-11-13-3,59,53C,F,49,1
1613-3-17-4-3,59,53C,F,50,1
1679-2-18-8-2,59,53C,F,51,2
1614-3-3-6-2,59,53C,F,52,2
1614-1-7-b-3,59,53C,F,53,2
1613-4-a-16-2,59,53C,F,54,2
1614-3-6-9-4,59,53C,F,55,2
1613-3-18-e-2,59,53C,F,56,2
1679-1-c-17-1,59,53C,F,57,2
1679-2-7-8-4,59,53C,F,58,2
1679-2-12-15-4,59,53C,F,59,2
1614-1-d-1-4,59,53C,F,60,2
1679-3-e-d-3,59,53C,F,61,2
1613-3-9-3-1,59,53C,F,62,2
1679-1-f-a-1,59,53C,F,63,2
1614-3-3-d-1,59,53C,F,64,2
1613-2-19-a-4,59,53C,F,65,2
1679-2-18-11-3,59,53C,F,66,2
1679-1-b-19-2,59,53C,F,67,2
1614-1-15-8-3,59,53C,F,68,2
1679-2-b-8-1,59,53C,F,69,2
1679-1-15-b-1,59,53C,F,70,2
1614-1-15-15-4,59,53C,F,71,2
1614-1-c-6-3,59,53C,F,72,2
1613-3-9-4-2,59,53C,F,73,2
1679-3-3-4-1,59,53C,F,74,2
1612-4-19-12-4,59,53C,F,75,2
1679-3-1-4-1,59,53C,F,76,2
1614-3-4-7-1,59,53C,F,77,2
1679-2-c-8-2,59,53C,F,78,2
1679-2-11-3-2,59,53C,F,79,2
1678-2-4-a-2,59,53C,F,80,2
1679-3-3-15-1,59,53C,F,81,2
1613-3-d-e-1,59,53C,F,82,2
1679-2-17-f-2,59,53C,F,83,2
1679-1-d-7-2,59,53C,F,84,2
1613-4-9-3-2,59,53C,F,85,2
1614-1-17-4-2,59,53C,F,86,2
1679-2-12-a-4,59,53C,F,87,2
1679-1-12-11-2,59,53C,F,88,2
1679-1-6-2-4,59,53C,F,89,2
1613-4-11-f-3,59,53C,F,90,2
1679-3-3-9-3,59,53C,F,91,spare
1613-3-18-10-4,59,53C,F,92,spare
1613-3-12-4-1,59,53C,F,93,spare
1679-3-f-16-1,59,53C,F,94,spare
1613-3-14-3-2,59,53C,F,95,spare
1679-3-a-11-3,59,53C,F,96,spare
1613-3-9-9-4,59,53C,F,97,spare
1679-2-6-5-4,59,53C,F,98,spare
1613-3-17-e-1,59,53C,F,99,spare
1614-1-15-13-2,59,53C,F,100,spare
1676-4-13-15-1,60,54,F,1,1
1677-3-18-f-4,60,54,F,2,1
1809-3-4-7-1,60,54,F,3,1
1875-3-8-8-3,60,54,F,4,1
1809-3-4-19-4,60,54,F,5,1
1875-4-c-2-3,60,54,F,6,1
1677-2-10-12-1,60,54,F,7,1
1743-1-11-6-3,60,54,F,8,1
1743-1-11-9-4,60,54,F,9,1
1677-3-11-15-1,60,54,F,10,1
1744-4-b-10-4,60,54,F,11,1
1678-3-11-3-3,60,54,F,12,1
1743-1-a-18-2,60,54,F,13,1
1876-1-1-e-1,60,54,F,14,1
1743-3-13-f-4,60,54,F,15,1
1809-1-11-10-3,60,54,F,16,1
1874-2-e-13-2,60,54,F,17,1
1744-1-16-17-1,60,54,F,18,1
1875-1-12-d-1,60,54,F,19,1
1677-1-7-e-2,60,54,F,20,1
1809-4-17-13-2,60,54,F,21,1
1876-1-8-19-4,60,54,F,22,1
1874-4-10-10-1,60,54,F,23,1
1810-2-7-e-3,60,54,F,24,1
1677-3-1-16-1,60,54,F,25,1
1744-1-2-8-3,60,54,F,26,1
1744-1-9-18-1,60,54,F,27,1
1874-4-9-6-3,60,54,F,28,1
1744-4-b-5-1,60,54,F,29,1
1808-1-12-14-3,60,54,F,30,1
1743-3-c-1-1,60,54,F,31,1
1810-3-2-8-1,60,54,F,32,1
1676-4-4-15-1,60,54,F,33,1
1875-1-c-10-1,60,54,F,34,1
1876-1-3-f-2,60,54,F,35,1
1809-1-1-2-1,60,54,F,36,1
1677-3-5-18-2,60,54,F,37,1
1743-3-a-9-2,60,54,F,38,1
1810-2-b-6-2,60,54,F,39,1
1809-2-9-d-3,60,54,F,40,1
1810-3-13-9-1,60,54,F,41,1
1940-1-5-2-4,60,54,F,42,1
1809-1-f-18-4,60,54,F,43,1
1744-2-6-15-2,60,54,F,44,1
1676-4-e-9-4,60,54,F,45,1
1810-3-12-a-2,60,54,F,46,1
1808-3-3-6-1,60,54,F,47,1
1874-2-10-b-1,60,54,F,48,1
1809-2-4-3-1,60,54,F,49,1
1808-4-18-13-2,60,54,F,50,1
1677-4-1-3-3,60,54,F,51,2
1676-4-9-13-2,60,54,F,52,2
1808-2-5-12-4,60,54,F,53,2
1875-2-16-2-3,60,54,F,54,2
1810-1-12-14-4,60,54,F,55,2
1743-2-7-16-1,60,54,F,56,2
1874-4-10-13-2,60,54,F,57,2
1874-4-9-9-4,60,54,F,58,2
1743-2-c-f-4,60,54,F,59,2
1809-4-14-15-4,60,54,F,60,2
1677-3-19-e-4,60,54,F,61,2
1677-2-6-d-1,60,54,F,62,2
1677-1-c-1-3,60,54,F,63,2
1677-1-e-2-3,60,54,F,64,2
1677-1-3-12-1,60,54,F,65,2
1745-3-19-a-1,60,54,F,66,2
1743-1-15-16-1,60,54,F,67,2
1744-4-10-f-3,60,54,F,68,2
1744-3-d-5-2,60,54,F,69,2
1743-1-7-18-2,60,54,F,70,2
1810-1-c-8-1,60,54,F,71,2
1808-4-e-b-1,60,54,F,72,2
1677-1-d-3-3,60,54,F,73,2
1874-1-7-2-4,60,54,F,74,2
1809-3-18-14-2,60,54,F,75,2
1810-3-17-14-2,60,54,F,76,2
1742-2-13-6-3,60,54,F,77,2
1808-4-9-13-4,60,54,F,78,2
1744-4-d-2-2,60,54,F,79,2
1744-2-1-a-3,60,54,F,80,2
1677-4-15-d-3,60,54,F,81,2
1875-3-16-9-4,60,54,F,82,2
1809-4-10-17-3,60,54,F,83,2
1677-4-16-f-4,60,54,F,84,2
1876-1-6-18-3,60,54,F,85,2
1743-4-11-f-4,60,54,F,86,2
1810-1-8-f-4,60,54,F,87,2
1809-1-d-8-1,60,54,F,88,2
1744-3-1-e-3,60,54,F,89,2
1810-1-7-d-3,60,54,F,90,2
1808-4-13-9-2,60,54,F,91,spare
1809-3-11-6-1,60,54,F,92,spare
1810-1-10-13-3,60,54,F,93,spare
1808-3-1-17-4,60,54,F,94,spare
1810-4-9-10-4,60,54,F,95,spare
1811-1-5-5-1,60,54,F,96,spare
1808-4-f-d-2,60,54,F,97,spare
1744-3-2-d-3,60,54,F,98,spare
1809-1-b-16-3,60,54,F,99,spare
1677-4-12-4-4,60,54,F,100,spare
1944-1-e-8-3,61,55A,F,1,1
1944-1-6-19-2,61,55A,F,2,1
1944-1-b-17-1,61,55A,F,3,1
1943-2-f-19-2,61,55A,F,4,1
2006-2-4-f-1,61,55A,F,5,1
1944-1-12-a-4,61,55A,F,6,1
1944-1-c-a-4,61,55A,F,7,1
1943-1-9-7-4,61,55A,F,8,1
1876-4-10-6-2,61,55A,F,9,1
1943-3-10-e-2,61,55A,F,10,1
1942-4-15-b-2,61,55A,F,11,1
1878-3-17-8-1,61,55A,F,12,1
1943-4-2-16-2,61,55A,F,13,1
1878-4-13-10-3,61,55A,F,14,1
1942-3-e-b-2,61,55A,F,15,1
1944-2-4-8-2,61,55A,F,16,1
1943-3-e-c-2,61,55A,F,17,1
1942-1-c-15-1,61,55A,F,18,1
1943-2-e-17-1,61,55A,F,19,1
1878-3-b-8-1,61,55A,F,20,1
1878-4-10-6-1,61,55A,F,21,1
1942-1-19-6-4,61,55A,F,22,1
1942-4-5-18-2,61,55A,F,23,1
1943-1-9-16-2,61,55A,F,24,1
1944-1-f-8-4,61,55A,F,25,1
1941-3-11-17-3,61,55A,F,26,1
1942-1-4-9-1,61,55A,F,27,1
1944-2-4-6-1,61,55A,F,28,1
1878-4-12-10-3,61,55A,F,29,1
1943-2-d-7-4,61,55A,F,30,1
1943-4-6-19-3,61,55A,F,31,1
1942-3-11-18-3,61,55A,F,32,1
1943-1-a-16-2,61,55A,F,33,1
1942-3-6-b-1,61,55A,F,34,1
1944-2-c-17-2,61,55A,F,35,1
1878-4-7-12-4,61,55A,F,36,1
1942-2-a-16-1,61,55A,F,37,1
1944-4-f-15-3,61,55A,F,38,1
1944-1-15-8-3,61,55A,F,39,1
1942-2-15-18-1,61,55A,F,40,1
1944-3-9-19-4,61,55A,F,41,1
1944-3-f-d-2,61,55A,F,42,1
1943-3-5-19-1,61,55A,F,43,1
1944-2-d-17-2,61,55A,F,44,1
1943-1-19-19-1,61,55A,F,45,1
1878-3-c-12-3,61,55A,F,46,1
1943-1-c-16-1,61,55A,F,47,1
1942-2-b-18-1,61,55A,F,48,1
1940-4-14-f-1,61,55A,F,49,1
1944-2-12-17-2,61,55A,F,50,1
1877-4-13-12-3,61,55A,F,51,2
1944-2-8-17-2,61,55A,F,52,2
1942-2-13-9-4,61,55A,F,53,2
1942-1-f-18-1,61,55A,F,54,2
1944-1-8-19-2,61,55A,F,55,2
1944-4-6-15-3,61,55A,F,56,2
1941-4-11-d-2,61,55A,F,57,2
1944-2-17-15-1,61,55A,F,58,2
1944-2-e-6-3,61,55A,F,59,2
1942-2-15-9-3,61,55A,F,60,2
1878-4-12-8-2,61,55A,F,61,2
1943-4-3-7-4,61,55A,F,62,2
1943-2-1-19-1,61,55A,F,63,2
1941-3-16-f-2,61,55A,F,64,2
1944-3-12-f-2,61,55A,F,65,2
1940-4-18-16-4,61,55A,F,66,2
1944-2-7-15-1,61,55A,F,67,2
1942-1-11-9-3,61,55A,F,68,2
1943-4-3-a-3,61,55A,F,69,2
1943-3-13-f-1,61,55A,F,70,2
1943-2-9-a-4,61,55A,F,71,2
1942-1-d-18-1,61,55A,F,72,2
1944-4-4-6-3,61,55A,F,73,2
1942-4-1-15-2,61,55A,F,74,2
1876-4-b-10-4,61,55A,F,75,2
1942-4-18-e-2,61,55A,F,76,2
1942-4-8-c-1,61,55A,F,77,2
1944-3-b-d-1,61,55A,F,78,2
1876-4-16-9-1,61,55A,F,79,2
1943-2-14-19-2,61,55A,F,80,2
1944-3-9-17-3,61,55A,F,81,2
1943-4-12-c-2,61,55A,F,82,2
1941-3-18-f-2,61,55A,F,83,2
1878-4-6-12-4,61,55A,F,84,2
1878-4-b-12-4,61,55A,F,85,2
1942-4-a-16-3,61,55A,F,86,2
1943-1-10-16-1,61,55A,F,87,2
1942-3-e-15-4,61,55A,F,88,2
1944-4-c-15-3,61,55A,F,89,2
1944-2-a-15-1,61,55A,F,90,2
1944-1-6-a-4,61,55A,F,91,spare
1944-1-16-8-3,61,55A,F,92,spare
1944-2-b-15-1,61,55A,F,93,spare
1942-4-a-c-1,61,55A,F,94,spare
1942-4-2-15-2,61,55A,F,95,spare
1943-2-6-19-1,61,55A,F,96,spare
1943-1-f-16-2,61,55A,F,97,spare
1941-4-8-15-3,61,55A,F,98,spare
1942-3-2-18-1,61,55A,F,99,spare
1943-3-f-16-4,61,55A,F,100,spare
1813-3-d-6-4,62,55B,F,1,1
1878-4-12-a-2,62,55B,F,2,1
1680-3-8-e-4,62,55B,F,3,1
1878-1-16-13-2,62,55B,F,4,1
1812-1-d-11-1,62,55B,F,5,1
1877-3-9-12-1,62,55B,F,6,1
1680-3-18-11-3,62,55B,F,7,1
1878-1-2-e-2,62,55B,F,8,1
1813-1-15-10-3,62,55B,F,9,1
1746-1-19-19-1,62,55B,F,10,1
1813-3-9-15-2,62,55B,F,11,1
1877-1-15-14-1,62,55B,F,12,1
1878-4-e-3-3,62,55B,F,13,1
1812-4-7-a-4,62,55B,F,14,1
1812-3-9-7-3,62,55B,F,15,1
1812-4-6-a-3,62,55B,F,16,1
1878-2-3-17-3,62,55B,F,17,1
1812-2-17-a-2,62,55B,F,18,1
1813-1-c-12-2,62,55B,F,19,1
1878-3-d-2-3,62,55B,F,20,1
1812-3-19-f-1,62,55B,F,21,1
1747-3-3-18-3,62,55B,F,22,1
1813-1-d-1-4,62,55B,F,23,1
1878-1-b-1-2,62,55B,F,24,1
1878-2-5-17-4,62,55B,F,25,1
1878-1-19-5-1,62,55B,F,26,1
1877-2-b-3-2,62,55B,F,27,1
1878-2-1-c-2,62,55B,F,28,1
1746-1-3-11-3,62,55B,F,29,1
1746-3-d-c-1,62,55B,F,30,1
1813-3-2-12-4,62,55B,F,31,1
1812-4-17-f-2,62,55B,F,32,1
1812-1-5-11-2,62,55B,F,33,1
1812-4-c-17-1,62,55B,F,34,1
1747-3-4-e-1,62,55B,F,35,1
1812-1-3-4-2,62,55B,F,36,1
1812-1-14-5-3,62,55B,F,37,1
1876-4-e-13-4,62,55B,F,38,1
1813-3-12-18-1,62,55B,F,39,1
1680-3-c-11-1,62,55B,F,40,1
1746-4-12-3-1,62,55B,F,41,1
1747-3-16-1-1,62,55B,F,42,1
1812-1-8-11-1,62,55B,F,43,1
1812-4-18-17-3,62,55B,F,44,1
1746-1-f-a-3,62,55B,F,45,1
1812-2-13-14-4,62,55B,F,46,1
1812-1-f-2-4,62,55B,F,47,1
1812-3-11-9-4,62,55B,F,48,1
1812-4-18-d-1,62,55B,F,49,1
1878-4-13-8-1,62,55B,F,50,1
1746-1-8-13-4,62,55B,F,51,2
1879-1-11-3-2,62,55B,F,52,2
1746-4-3-17-3,62,55B,F,53,2
1812-2-4-14-2,62,55B,F,54,2
1877-1-16-2-2,62,55B,F,55,2
1812-4-13-a-4,62,55B,F,56,2
1812-4-19-d-2,62,55B,F,57,2
1813-1-8-10-2,62,55B,F,58,2
1878-3-1-1-4,62,55B,F,59,2
1812-2-c-14-2,62,55B,F,60,2
1876-4-d-2-3,62,55B,F,61,2
1877-4-3-3-4,62,55B,F,62,2
1812-2-18-14-4,62,55B,F,63,2
1878-3-c-4-4,62,55B,F,64,2
1812-3-c-16-1,62,55B,F,65,2
1877-2-14-b-4,62,55B,F,66,2
1813-3-11-8-4,62,55B,F,67,2
1812-2-10-11-4,62,55B,F,68,2
1746-4-16-f-4,62,55B,F,69,2
1813-3-10-17-2,62,55B,F,70,2
1813-1-15-12-4,62,55B,F,71,2
1812-1-19-11-4,62,55B,F,72,2
1878-3-2-2-3,62,55B,F,73,2
1877-2-11-b-3,62,55B,F,74,2
1877-4-4-1-4,62,55B,F,75,2
1680-3-6-1-2,62,55B,F,76,2
1812-3-13-19-1,62,55B,F,77,2
1878-2-17-3-1,62,55B,F,78,2
1746-1-16-18-2,62,55B,F,79,2
1879-1-7-d-2,62,55B,F,80,2
1877-3-d-5-4,62,55B,F,81,2
1746-3-19-f-3,62,55B,F,82,2
1877-3-10-7-2,62,55B,F,83,2
1746-3-12-4-2,62,55B,F,84,2
1812-4-5-12-4,62,55B,F,85,2
1812-3-19-16-4,62,55B,F,86,2
1877-1-13-f-4,62,55B,F,87,2
1746-4-6-c-2,62,55B,F,88,2
1877-2-18-10-2,62,55B,F,89,2
1680-3-12-4-4,62,55B,F,90,2
1877-2-f-e-3,62,55B,F,91,spare
1812-4-13-8-3,62,55B,F,92,spare
1877-4-8-12-2,62,55B,F,93,spare
1746-3-a-c-2,62,55B,F,94,spare
1812-1-4-2-1,62,55B,F,95,spare
1812-1-f-11-2,62,55B,F,96,spare
1812-3-7-9-4,62,55B,F,97,spare
1813-3-6-15-1,62,55B,F,98,spare
1680-3-2-c-3,62,55B,F,99,spare
1877-1-14-f-4,62,55B,F,100,spare
1680-1-3-4-1,63,55C,F,1,1
1548-4-1-14-1,63,55C,F,2,1
1680-1-b-14-3,63,55C,F,3,1
1613-4-18-e-3,63,55C,F,4,1
1680-1-9-8-4,63,55C,F,5,1
1614-3-4-3-2,63,55C,F,6,1
1547-4-f-19-2,63,55C,F,7,1
1679-2-9-9-3,63,55C,F,8,1
1614-3-e-6-4,63,55C,F,9,1
1680-2-5-5-1,63,55C,F,10,1
1548-1-f-17-3,63,55C,F,11,1
1548-4-11-11-3,63,55C,F,12,1
1548-3-e-b-2,63,55C,F,13,1
1614-2-9-3-2,63,55C,F,14,1
1549-3-d-d-2,63,55C,F,15,1
1614-2-19-12-1,63,55C,F,16,1
1548-2-e-b-3,63,55C,F,17,1
1680-2-1-5-1,63,55C,F,18,1
1614-2-11-11-3,63,55C,F,19,1
1548-3-17-13-1,63,55C,F,20,1
1548-3-4-6-2,63,55C,F,21,1
1548-2-e-19-4,63,55C,F,22,1
1614-1-5-1-3,63,55C,F,23,1
1548-3-8-e-3,63,55C,F,24,1
1549-3-8-17-4,63,55C,F,25,1
1613-4-19-3-4,63,55C,F,26,1
1614-4-9-d-2,63,55C,F,27,1
1548-4-1-7-2,63,55C,F,28,1
1548-3-10-8-3,63,55C,F,29,1
1614-4-e-10-3,63,55C,F,30,1
1614-3-6-17-1,63,55C,F,31,1
1613-2-8-18-4,63,55C,F,32,1
1548-4-3-10-2,63,55C,F,33,1
1549-1-b-c-4,63,55C,F,34,1
1679-2-14-3-4,63,55C,F,35,1
1614-2-17-4-3,63,55C,F,36,1
1614-2-6-19-3,63,55C,F,37,1
1614-2-18-14-2,63,55C,F,38,1
1679-2-14-1-3,63,55C,F,39,1
1614-4-2-e-4,63,55C,F,40,1
1680-2-2-c-1,63,55C,F,41,1
1548-2-a-5-3,63,55C,F,42,1
1549-1-12-d-2,63,55C,F,43,1
1549-3-2-13-1,63,55C,F,44,1
1549-3-10-7-4,63,55C,F,45,1
1614-1-3-e-3,63,55C,F,46,1
1679-2-2-2-2,63,55C,F,47,1
1548-2-18-14-4,63,55C,F,48,1
1615-1-7-4-1,63,55C,F,49,1
1548-4-7-2-1,63,55C,F,50,1
1548-3-13-12-4,63,55C,F,51,2
1548-2-a-14-1,63,55C,F,52,2
1548-3-c-18-2,63,55C,F,53,2
1613-4-17-2-3,63,55C,F,54,2
1680-1-11-4-4,63,55C,F,55,2
1680-2-8-6-4,63,55C,F,56,2
1549-3-18-8-1,63,55C,F,57,2
1615-3-b-11-4,63,55C,F,58,2
1615-3-10-11-2,63,55C,F,59,2
1614-1-f-6-3,63,55C,F,60,2
1549-1-2-11-3,63,55C,F,61,2
1680-1-11-11-2,63,55C,F,62,2
1549-1-12-b-2,63,55C,F,63,2
1614-3-10-14-1,63,55C,F,64,2
1548-3-9-15-4,63,55C,F,65,2
1548-3-18-12-2,63,55C,F,66,2
1615-3-3-b-4,63,55C,F,67,2
1679-2-5-5-2,63,55C,F,68,2
1680-1-5-3-1,63,55C,F,69,2
1614-4-5-17-3,63,55C,F,70,2
1679-2-a-a-4,63,55C,F,71,2
1614-2-c-9-4,63,55C,F,72,2
1613-2-3-4-4,63,55C,F,73,2
1615-1-15-2-4,63,55C,F,74,2
1548-3-16-11-2,63,55C,F,75,2
1614-3-e-12-4,63,55C,F,76,2
1548-3-17-7-1,63,55C,F,77,2
1679-2-f-12-4,63,55C,F,78,2
1548-4-13-10-3,63,55C,F,79,2
1614-3-17-2-3,63,55C,F,80,2
1614-4-1-19-3,63,55C,F,81,2
1614-2-7-c-1,63,55C,F,82,2
1680-1-1-5-1,63,55C,F,83,2
1615-1-12-8-2,63,55C,F,84,2
1679-2-3-4-2,63,55C,F,85,2
1548-2-d-15-4,63,55C,F,86,2
1614-1-14-a-2,63,55C,F,87,2
1614-3-11-13-2,63,55C,F,88,2
1548-2-e-3-2,63,55C,F,89,2
1614-3-c-9-4,63,55C,F,90,2
1549-1-16-9-3,63,55C,F,91,spare
1549-3-4-14-2,63,55C,F,92,spare
1548-3-f-19-2,63,55C,F,93,spare
1614-3-18-d-4,63,55C,F,94,spare
1614-1-4-d-4,63,55C,F,95,spare
1680-1-6-a-3,63,55C,F,96,spare
1547-4-14-8-4,63,55C,F,97,spare
1548-2-15-11-4,63,55C,F,98,spare
1549-3-15-11-2,63,55C,F,99,spare
1548-2-12-15-2,63,55C,F,100,spare
1746-4-4-15-2,64,55D,F,1,1
1746-2-d-6-2,64,55D,F,2,1
1680-4-13-7-4,64,55D,F,3,1
1680-2-5-16-2,64,55D,F,4,1
1680-4-16-10-4,64,55D,F,5,1
1680-3-4-18-4,64,55D,F,6,1
1680-2-11-f-4,64,55D,F,7,1
1680-4-17-a-3,64,55D,F,8,1
1680-2-16-e-1,64,55D,F,9,1
1746-2-6-5-2,64,55D,F,10,1
1746-2-3-13-3,64,55D,F,11,1
1680-2-10-8-1,64,55D,F,12,1
1680-2-17-f-1,64,55D,F,13,1
1680-4-1-17-3,64,55D,F,14,1
1680-2-11-19-4,64,55D,F,15,1
1680-2-16-10-4,64,55D,F,16,1
1746-2-a-16-4,64,55D,F,17,1
1680-2-e-2-2,64,55D,F,18,1
1747-1-16-13-2,64,55D,F,19,1
1680-2-1-19-2,64,55D,F,20,1
1746-2-e-b-2,64,55D,F,21,1
1680-3-9-4-4,64,55D,F,22,1
1747-3-1-16-2,64,55D,F,23,1
1680-2-12-19-3,64,55D,F,24,1
1746-2-2-3-1,64,55D,F,25,1
1746-4-9-16-2,64,55D,F,26,1
1680-3-9-17-2,64,55D,F,27,1
1746-2-4-10-4,64,55D,F,28,1
1680-4-6-3-3,64,55D,F,29,1
1680-4-2-4-3,64,55D,F,30,1
1746-2-17-12-1,64,55D,F,31,1
1680-4-d-13-1,64,55D,F,32,1
1680-2-12-4-1,64,55D,F,33,1
1680-2-8-a-3,64,55D,F,34,1
1680-2-16-18-3,64,55D,F,35,1
1746-2-11-5-4,64,55D,F,36,1
1747-1-11-15-3,64,55D,F,37,1
1680-2-14-b-4,64,55D,F,38,1
1680-4-18-13-3,64,55D,F,39,1
1680-3-19-a-4,64,55D,F,40,1
1747-1-b-e-2,64,55D,F,41,1
1680-4-d-6-4,64,55D,F,42,1
1746-2-e-c-2,64,55D,F,43,1
1747-3-3-4-4,64,55D,F,44,1
1747-1-6-d-2,64,55D,F,45,1
1680-2-d-d-3,64,55D,F,46,1
1746-4-9-5-1,64,55D,F,47,1
1746-2-d-17-3,64,55D,F,48,1
1746-4-5-17-2,64,55D,F,49,1
1746-2-9-1-2,64,55D,F,50,1
1680-2-14-1-2,64,55D,F,51,2
1747-1-10-e-2,64,55D,F,52,2
1680-4-12-19-1,64,55D,F,53,2
1746-2-2-b-4,64,55D,F,54,2
1680-2-11-d-3,64,55D,F,55,2
1680-4-19-2-2,64,55D,F,56,2
1680-2-11-1-2,64,55D,F,57,2
1746-2-f-19-3,64,55D,F,58,2
1746-2-12-4-3,64,55D,F,59,2
1680-4-19-8-4,64,55D,F,60,2
1680-4-c-a-4,64,55D,F,61,2
1746-4-9-18-1,64,55D,F,62,2
1746-2-3-8-1,64,55D,F,63,2
1680-4-d-5-3,64,55D,F,64,2
1746-2-17-14-1,64,55D,F,65,2
1680-2-14-10-4,64,55D,F,66,2
1680-2-d-6-2,64,55D,F,67,2
1680-4-6-2-3,64,55D,F,68,2
1680-3-19-8-4,64,55D,F,69,2
1680-4-d-14-1,64,55D,F,70,2
1680-2-b-5-2,64,55D,F,71,2
1746-4-4-10-2,64,55D,F,72,2
1680-1-14-f-4,64,55D,F,73,2
1680-2-13-16-4,64,55D,F,74,2
1746-4-4-6-4,64,55D,F,75,2
1680-4-c-3-3,64,55D,F,76,2
1746-2-9-19-3,64,55D,F,77,2
1747-1-6-17-4,64,55D,F,78,2
1680-2-c-6-2,64,55D,F,79,2
1746-2-e-11-4,64,55D,F,80,2
1680-4-1-16-3,64,55D,F,81,2
1746-2-2-14-4,64,55D,F,82,2
1746-4-3-13-1,64,55D,F,83,2
1747-1-6-13-4,64,55D,F,84,2
1680-3-4-d-2,64,55D,F,85,2
1680-4-7-10-2,64,55D,F,86,2
1746-2-4-13-3,64,55D,F,87,2
1680-2-d-14-3,64,55D,F,88,2
1747-1-1-d-4,64,55D,F,89,2
1680-4-d-3-3,64,55D,F,90,2
1680-4-10-e-4,64,55D,F,91,spare
1746-4-9-19-1,64,55D,F,92,spare
1680-2-11-6-2,64,55D,F,93,spare
1746-2-8-e-1,64,55D,F,94,spare
1747-3-2-7-3,64,55D,F,95,spare
1680-2-10-13-4,64,55D,F,96,spare
1746-2-19-11-2,64,55D,F,97,spare
1680-2-9-16-2,64,55D,F,98,spare
1680-3-19-f-4,64,55D,F,99,spare
1680-2-16-13-3,64,55D,F,100,spare
1814-3-1-5-3,65,56A,F,1,1
1945-2-3-8-2,65,56A,F,2,1
1747-2-14-16-2,65,56A,F,3,1
1813-1-13-11-3,65,56A,F,4,1
1747-4-b-1-4,65,56A,F,5,1
1748-1-18-6-4,65,56A,F,6,1
1945-1-9-2-3,65,56A,F,7,1
1945-3-2-19-1,65,56A,F,8,1
1747-4-d-1-3,65,56A,F,9,1
1814-1-b-14-3,65,56A,F,10,1
1747-4-13-3-1,65,56A,F,11,1
1945-1-7-14-1,65,56A,F,12,1
1879-3-14-9-3,65,56A,F,13,1
1814-3-17-9-3,65,56A,F,14,1
1945-1-e-e-4,65,56A,F,15,1
1879-2-c-6-2,65,56A,F,16,1
1879-1-a-11-3,65,56A,F,17,1
1813-3-9-e-4,65,56A,F,18,1
1945-4-11-12-2,65,56A,F,19,1
1748-3-6-11-2,65,56A,F,20,1
1945-3-d-14-3,65,56A,F,21,1
1813-4-16-15-2,65,56A,F,22,1
1945-2-3-10-1,65,56A,F,23,1
1879-2-9-a-2,65,56A,F,24,1
1813-2-6-18-1,65,56A,F,25,1
1813-4-18-8-3,65,56A,F,26,1
1813-2-13-14-4,65,56A,F,27,1
1813-4-e-19-4,65,56A,F,28,1
1945-2-13-3-1,65,56A,F,29,1
1747-4-9-a-2,65,56A,F,30,1
1945-1-14-18-3,65,56A,F,31,1
1945-2-17-d-2,65,56A,F,32,1
1747-4-16-b-4,65,56A,F,33,1
1814-3-11-e-2,65,56A,F,34,1
1879-2-b-6-2,65,56A,F,35,1
1879-4-17-14-4,65,56A,F,36,1
1945-4-10-13-1,65,56A,F,37,1
1945-1-a-2-3,65,56A,F,38,1
1879-3-3-2-2,65,56A,F,39,1
1879-3-4-e-4,65,56A,F,40,1
1747-4-17-b-3,65,56A,F,41,1
1879-3-16-a-1,65,56A,F,42,1
1945-1-9-4-4,65,56A,F,43,1
1747-4-c-1-4,65,56A,F,44,1
1879-1-14-11-1,65,56A,F,45,1
1945-3-5-9-3,65,56A,F,46,1
1945-3-11-14-1,65,56A,F,47,1
1814-3-11-c-1,65,56A,F,48,1
1945-2-15-e-1,65,56A,F,49,1
1945-1-7-12-1,65,56A,F,50,1
1945-1-12-19-3,65,56A,F,51,2
1813-1-18-9-2,65,56A,F,52,2
1879-3-2-5-1,65,56A,F,53,2
1748-1-12-7-3,65,56A,F,54,2
1813-2-7-8-4,65,56A,F,55,2
1880-1-7-11-3,65,56A,F,56,2
1748-1-16-9-4,65,56A,F,57,2
1945-2-11-1-2,65,56A,F,58,2
1879-2-5-7-4,65,56A,F,59,2
1813-2-d-12-4,65,56A,F,60,2
1879-2-2-6-4,65,56A,F,61,2
1879-2-10-10-2,65,56A,F,62,2
1813-4-c-b-4,65,56A,F,63,2
1945-1-15-d-1,65,56A,F,64,2
1945-1-c-d-3,65,56A,F,65,2
1813-2-3-b-1,65,56A,F,66,2
1879-2-a-14-3,65,56A,F,67,2
1945-2-6-10-2,65,56A,F,68,2
1879-3-5-c-3,65,56A,F,69,2
1879-3-10-a-4,65,56A,F,70,2
1747-2-f-16-4,65,56A,F,71,2
1748-3-15-c-4,65,56A,F,72,2
1747-3-12-f-3,65,56A,F,73,2
1879-3-12-7-4,65,56A,F,74,2
1879-4-3-3-2,65,56A,F,75,2
1813-2-13-8-1,65,56A,F,76,2
1747-4-13-f-4,65,56A,F,77,2
1879-4-d-8-4,65,56A,F,78,2
1879-3-15-14-4,65,56A,F,79,2
1879-3-5-18-3,65,56A,F,80,2
1748-3-15-5-1,65,56A,F,81,2
1945-2-c-1-2,65,56A,F,82,2
1879-1-13-2-3,65,56A,F,83,2
1945-4-c-8-2,65,56A,F,84,2
1814-3-17-16-1,65,56A,F,85,2
1945-2-8-3-4,65,56A,F,86,2
1747-4-8-10-1,65,56A,F,87,2
1747-4-4-14-4,65,56A,F,88,2
1813-3-18-9-4,65,56A,F,89,2
1748-3-11-4-2,65,56A,F,90,2
1747-4-c-12-2,65,56A,F,91,spare
1813-2-11-10-4,65,56A,F,92,spare
1747-4-12-f-4,65,56A,F,93,spare
1747-4-d-3-4,65,56A,F,94,spare
1879-3-16-12-3,65,56A,F,95,spare
1879-4-3-5-2,65,56A,F,96,spare
1813-4-c-15-4,65,56A,F,97,spare
1748-3-3-11-3,65,56A,F,98,spare
1879-3-5-4-1,65,56A,F,99,spare
1880-1-7-7-1,65,56A,F,100,spare
1946-3-8-c-4,66,56B,F,1,1
1946-1-5-6-2,66,56B,F,2,1
1880-3-18-17-4,66,56B,F,3,1
1946-3-f-4-4,66,56B,F,4,1
1880-3-7-17-3,66,56B,F,5,1
1880-4-16-14-1,66,56B,F,6,1
1946-1-f-15-4,66,56B,F,7,1
1946-1-c-8-3,66,56B,F,8,1
1946-3-4-19-3,66,56B,F,9,1
1946-2-6-b-1,66,56B,F,10,1
1880-4-17-18-4,66,56B,F,11,1
1880-4-6-9-3,66,56B,F,12,1
1880-4-1-4-3,66,56B,F,13,1
1945-2-5-16-2,66,56B,F,14,1
1946-2-6-1-3,66,56B,F,15,1
1945-2-14-18-1,66,56B,F,16,1
1880-3-17-a-4,66,56B,F,17,1
1946-1-6-d-2,66,56B,F,18,1
1880-3-8-14-2,66,56B,F,19,1
1945-2-5-18-1,66,56B,F,20,1
1879-4-19-4-1,66,56B,F,21,1
1945-2-14-15-1,66,56B,F,22,1
1880-2-15-c-4,66,56B,F,23,1
1880-3-b-a-1,66,56B,F,24,1
1946-1-3-c-4,66,56B,F,25,1
1880-3-15-19-3,66,56B,F,26,1
1880-3-b-f-3,66,56B,F,27,1
1880-4-18-15-3,66,56B,F,28,1
1879-4-5-5-4,66,56B,F,29,1
1880-3-18-a-3,66,56B,F,30,1
1946-2-2-16-1,66,56B,F,31,1
1880-3-6-16-3,66,56B,F,32,1
1880-4-10-14-4,66,56B,F,33,1
1880-3-e-c-3,66,56B,F,34,1
1880-4-4-e-1,66,56B,F,35,1
1880-3-1-14-3,66,56B,F,36,1
1946-2-b-16-4,66,56B,F,37,1
1880-1-11-4-2,66,56B,F,38,1
1946-1-4-17-2,66,56B,F,39,1
1946-1-6-12-4,66,56B,F,40,1
1946-3-1-14-1,66,56B,F,41,1
1946-1-c-12-1,66,56B,F,42,1
1946-1-1-f-3,66,56B,F,43,1
1946-1-1-17-2,66,56B,F,44,1
1946-4-1-7-4,66,56B,F,45,1
1880-3-6-a-3,66,56B,F,46,1
1945-4-4-3-1,66,56B,F,47,1
1946-1-18-14-3,66,56B,F,48,1
1946-3-d-b-1,66,56B,F,49,1
1880-3-9-8-4,66,56B,F,50,1
1880-3-b-7-1,66,56B,F,51,2
1946-3-13-5-1,66,56B,F,52,2
1946-1-4-f-3,66,56B,F,53,2
1946-1-15-12-4,66,56B,F,54,2
1946-1-12-b-3,66,56B,F,55,2
1880-4-7-2-1,66,56B,F,56,2
1946-1-11-17-1,66,56B,F,57,2
1879-4-14-f-2,66,56B,F,58,2
1879-4-19-19-4,66,56B,F,59,2
1945-4-4-9-4,66,56B,F,60,2
1880-3-10-d-2,66,56B,F,61,2
1946-3-2-12-1,66,56B,F,62,2
1945-4-9-e-4,66,56B,F,63,2
1946-1-10-d-4,66,56B,F,64,2
1880-4-16-8-4,66,56B,F,65,2
1880-3-12-b-1,66,56B,F,66,2
1880-1-10-7-3,66,56B,F,67,2
1880-4-17-10-2,66,56B,F,68,2
1880-1-c-3-3,66,56B,F,69,2
1880-1-19-d-3,66,56B,F,70,2
1880-1-18-7-1,66,56B,F,71,2
1879-4-f-7-2,66,56B,F,72,2
1946-3-b-2-3,66,56B,F,73,2
1880-3-14-3-3,66,56B,F,74,2
1880-3-a-8-3,66,56B,F,75,2
1946-2-3-17-1,66,56B,F,76,2
1880-3-e-8-2,66,56B,F,77,2
1946-3-6-d-4,66,56B,F,78,2
1945-4-13-6-4,66,56B,F,79,2
1946-1-7-13-4,66,56B,F,80,2
1880-4-3-10-4,66,56B,F,81,2
1946-3-c-d-1,66,56B,F,82,2
1946-1-8-4-3,66,56B,F,83,2
1946-3-6-16-1,66,56B,F,84,2
1946-4-1-1-1,66,56B,F,85,2
1946-2-4-e-3,66,56B,F,86,2
1880-4-11-5-3,66,56B,F,87,2
1946-1-f-8-3,66,56B,F,88,2
1945-4-12-14-1,66,56B,F,89,2
1880-4-7-a-3,66,56B,F,90,2
1946-3-1-3-2,66,56B,F,91,spare
1946-1-13-16-1,66,56B,F,92,spare
1946-4-3-1-2,66,56B,F,93,spare
1946-3-a-17-1,66,56B,F,94,spare
1880-4-c-d-4,66,56B,F,95,spare
1946-3-a-8-1,66,56B,F,96,spare
1945-4-9-8-1,66,56B,F,97,spare
1946-1-a-10-4,66,56B,F,98,spare
1880-3-2-3-3,66,56B,F,99,spare
1880-3-d-16-2,66,56B,F,100,spare
